id,intentional_cause
10310,0
10311,0
10312,0
10313,1
10314,0
10315,0
10316,0
10317,0
10318,0
10319,0
10320,0
10321,0
10322,0
10323,0
10324,0
10325,0
10326,0
10327,0
10328,0
10329,0
10330,0
10331,0
10332,0
10333,0
10334,0
10335,0
10336,0
10337,0
10338,0
10339,0
10340,0
10341,0
10342,1
10343,0
10344,0
10345,0
10346,0
10347,0
10348,0
10349,0
10350,0
10351,0
10352,0
10353,0
10354,0
10355,0
10356,0
10357,0
10358,0
10359,0
10360,0
10361,0
10362,0
10363,0
10364,0
10365,0
10366,0
10367,0
10368,0
10369,0
10370,0
10371,0
10372,0
10373,0
10374,0
10375,0
10376,0
10377,0
10378,0
10379,0
10380,0
10381,0
10382,0
10383,0
10384,0
10385,0
10386,0
10387,0
10388,1
10389,0
10390,1
10391,0
10392,0
10393,0
10394,0
10395,0
10396,0
10397,0
10398,0
10399,0
10400,0
10401,0
10402,0
10403,0
10404,0
10405,0
10406,0
10407,0
10408,0
10409,1
10410,0
10411,0
10412,0
10413,0
10414,0
10415,0
10416,0
10417,0
10418,0
10419,0
10420,1
10421,0
10422,0
10423,0
10424,0
10425,0
10426,0
10427,0
10428,0
10429,0
10430,0
10431,0
10432,0
10433,1
10434,0
10435,0
10436,0
10437,0
10438,0
10439,0
10440,0
10441,0
10442,0
10443,0
10444,0
10445,0
10446,0
10447,0
10448,1
10449,0
10450,0
10451,0
10452,0
10453,0
10454,0
10455,0
10456,0
10457,0
10458,0
10459,0
10460,0
10461,0
10462,0
10463,0
10464,0
10465,0
10466,0
10467,0
10468,0
10469,0
10470,0
10471,0
10472,1
10473,0
10474,0
10475,0
10476,0
10477,0
10478,0
10479,0
10480,0
10481,0
10482,0
10483,0
10484,0
10485,0
10486,0
10487,0
10488,0
10489,0
10490,0
10491,0
10492,0
10493,0
10494,1
10495,0
10496,0
10497,0
10498,0
10499,0
10500,0
10501,0
10502,0
10503,0
10504,1
10505,0
10506,1
10507,0
10508,0
10509,0
10510,0
10511,0
10512,0
10513,0
10514,0
10515,0
10516,0
10517,0
10518,0
10519,0
10520,0
10521,0
10522,0
10523,0
10524,0
10525,1
10526,0
10527,0
10528,0
10529,1
10530,1
10531,0
10532,0
10533,0
10534,0
10535,1
10536,0
10537,1
10538,0
10539,0
10540,0
10541,0
10542,0
10543,0
10544,0
10545,0
10546,0
10547,1
10548,0
10549,0
10550,0
10551,0
10552,0
10553,0
10554,0
10555,0
10556,0
10557,0
10558,0
10559,0
10560,0
10561,0
10562,0
10563,0
10564,0
10565,0
10566,0
10567,0
10568,0
10569,0
10570,0
10571,1
10572,0
10573,0
10574,0
10575,1
10576,0
10577,0
10578,0
10579,0
10580,1
10581,0
10582,0
10583,0
10584,0
10585,0
10586,0
10587,0
10588,0
10589,0
10590,0
10591,0
10592,0
10593,0
10594,0
10595,0
10596,0
10597,0
10598,0
10599,0
10600,0
10601,0
10602,0
10603,0
10604,0
10605,0
10606,0
10607,0
10608,0
10609,0
10610,0
10611,0
10612,1
10613,0
10614,0
10615,0
10616,0
10617,0
10618,0
10619,0
10620,0
10621,0
10622,1
10623,0
10624,0
10625,0
10626,0
10627,0
10628,0
10629,1
10630,0
10631,0
10632,0
10633,1
10634,1
10635,0
10636,0
10637,0
10638,0
10639,0
10640,0
10641,0
10642,1
10643,0
10644,0
10645,1
10646,0
10647,1
10648,0
10649,0
10650,0
10651,0
10652,0
10653,0
10654,0
10655,1
10656,0
10657,0
10658,0
10659,1
10660,0
10661,0
10662,1
10663,0
10664,0
10665,0
10666,0
10667,0
10668,0
10669,0
10670,0
10671,1
10672,0
10673,0
10674,0
10675,0
10676,0
10677,0
10678,0
10679,0
10680,0
10681,0
10682,0
10683,1
10684,0
10685,0
10686,1
10687,0
10688,0
10689,0
10690,1
10691,1
10692,0
10693,1
10694,0
10695,0
10696,0
10697,1
10698,1
10699,0
10700,0
10701,0
10702,0
10703,0
10704,0
10705,0
10706,0
10707,0
10708,1
10709,0
10710,0
10711,0
10712,0
10713,0
10714,0
10715,1
10716,0
10717,0
10718,0
10719,0
10720,0
10721,0
10722,0
10723,0
10724,0
10725,1
10726,0
10727,1
10728,1
10729,1
10730,0
10731,1
10732,1
10733,0
10734,0
10735,0
10736,0
10737,1
10738,1
10739,0
10740,1
10741,1
10742,0
10743,0
10744,1
10745,0
10746,0
10747,0
10748,1
10749,0
10750,0
10751,0
10752,1
10753,0
10754,0
10755,0
10756,0
10757,0
10758,0
10759,0
10760,0
10761,1
10762,0
10763,0
10764,0
10765,0
10766,0
10767,0
10768,0
10769,0
10770,0
10771,0
10772,0
10773,1
10774,0
10775,0
10776,1
10777,0
10778,0
10779,0
10780,0
10781,1
10782,1
10783,1
10784,0
10785,1
10786,1
10787,0
10788,0
10789,1
10790,0
10791,0
10792,0
10793,0
10794,1
10795,0
10796,1
10797,0
10798,0
10799,0
10800,1
10801,0
10802,0
10803,0
10804,0
10805,0
10806,0
10807,0
10808,1
10809,1
10810,1
10811,0
10812,0
10813,0
10814,0
10815,0
10816,0
10817,1
10818,0
10819,0
10820,0
10821,0
10822,1
10823,0
10824,0
10825,0
10826,0
10827,0
10828,0
10829,1
10830,0
10831,0
10832,0
10833,0
10834,1
10835,1
10836,0
10837,0
10838,1
10839,0
10840,0
10841,0
10842,0
10843,0
10844,0
10845,1
10846,0
10847,0
10848,1
10849,1
10850,1
10851,0
10852,0
10853,0
10854,1
10855,0
10856,0
10857,0
10858,0
10859,0
10860,0
10861,1
10862,0
10863,0
10864,0
10865,0
10866,0
10867,0
10868,0
10869,0
10870,1
10871,0
10872,0
10873,0
10874,0
10875,0
10876,0
10877,1
10878,1
10879,0
10880,0
10881,1
10882,0
10883,0
10884,1
10885,0
10886,0
10887,1
10888,0
10889,0
10890,0
10891,0
10892,0
10893,0
10894,0
10895,0
10896,0
10897,0
10898,0
10899,0
10900,0
10901,0
10902,1
10903,0
10904,0
10905,1
10906,0
10907,0
10908,0
10909,0
10910,1
10911,1
10912,0
10913,0
10914,0
10915,0
10916,1
10917,0
10918,0
10919,0
10920,0
10921,0
10922,1
10923,0
10924,0
10925,0
10926,0
10927,0
10928,0
10929,1
10930,1
10931,1
10932,0
10933,0
10934,0
10935,0
10936,0
10937,0
10938,0
10939,0
10940,1
10941,0
10942,0
10943,1
10944,0
10945,0
10946,0
10947,1
10948,0
10949,0
10950,0
10951,0
10952,0
10953,1
10954,1
10955,0
10956,0
10957,0
10958,0
10959,0
10960,1
10961,0
10962,0
10963,0
10964,0
10965,0
10966,0
10967,0
10968,0
10969,0
10970,1
10971,0
10972,0
10973,0
10974,0
10975,0
10976,0
10977,0
10978,0
10979,0
10980,0
10981,0
10982,0
10983,1
10984,0
10985,0
10986,0
10987,0
10988,0
10989,0
10990,0
10991,0
10992,0
10993,0
10994,1
10995,0
10996,0
10997,0
10998,1
10999,0
11000,0
11001,0
11002,1
11003,0
11004,0
11005,0
11006,0
11007,0
11008,0
11009,1
11010,0
11011,1
11012,0
11013,0
11014,0
11015,1
11016,0
11017,0
11018,0
11019,1
11020,0
11021,1
11022,0
11023,0
11024,0
11025,0
11026,0
11027,0
11028,1
11029,0
11030,0
11031,1
11032,0
11033,1
11034,0
11035,0
11036,0
11037,0
11038,0
11039,1
11040,0
11041,0
11042,0
11043,0
11044,1
11045,1
11046,1
11047,1
11048,0
11049,0
11050,0
11051,1
11052,0
11053,0
11054,0
11055,1
11056,1
11057,0
11058,0
11059,1
11060,0
11061,0
11062,0
11063,0
11064,1
11065,1
11066,0
11067,0
11068,1
11069,0
11070,0
11071,0
11072,0
11073,0
11074,0
11075,1
11076,0
11077,1
11078,0
11079,0
11080,0
11081,0
11082,0
11083,0
11084,0
11085,1
11086,0
11087,1
11088,1
11089,0
11090,0
11091,0
11092,0
11093,0
11094,0
11095,0
11096,0
11097,0
11098,0
11099,0
11100,0
11101,0
11102,0
11103,0
11104,0
11105,0
11106,0
11107,0
11108,0
11109,0
11110,0
11111,1
11112,0
11113,0
11114,0
11115,1
11116,0
11117,0
11118,1
11119,1
11120,0
11121,0
11122,1
11123,1
11124,0
11125,1
11126,0
11127,0
11128,0
11129,0
11130,0
11131,1
11132,0
11133,0
11134,0
11135,0
11136,1
11137,0
11138,0
11139,0
11140,0
11141,0
11142,0
11143,0
11144,0
11145,0
11146,0
11147,0
11148,0
11149,0
11150,0
11151,0
11152,0
11153,0
11154,0
11155,0
11156,0
11157,1
11158,0
11159,0
11160,0
11161,0
11162,0
11163,0
11164,0
11165,0
11166,0
11167,0
11168,0
11169,0
11170,0
11171,0
11172,0
11173,0
11174,0
11175,0
11176,0
11177,0
11178,0
11179,0
11180,0
11181,0
11182,0
11183,0
11184,0
11185,0
11186,0
11187,0
11188,0
11189,0
11190,0
11191,0
11192,0
11193,0
11194,0
11195,0
11196,0
11197,0
11198,0
11199,0
11200,0
11201,0
11202,0
11203,0
11204,0
11205,0
11206,0
11207,0
11208,0
11209,0
11210,0
11211,0
11212,0
11213,0
11214,0
11215,0
11216,0
11217,0
11218,0
11219,0
11220,0
11221,0
11222,0
11223,0
11224,0
11225,0
11226,0
11227,0
11228,0
11229,0
11230,0
11231,0
11232,0
11233,0
11234,0
11235,0
11236,0
11237,0
11238,0
11239,0
11240,0
11241,0
11242,0
11243,0
11244,0
11245,0
11246,0
11247,0
11248,0
11249,0
11250,0
11251,0
11252,0
11253,0
11254,0
11255,0
11256,0
11257,0
11258,0
11259,0
11260,0
11261,0
11262,0
11263,0
11264,0
11265,0
11266,1
11267,0
11268,0
11269,0
11270,0
11271,0
11272,0
11273,0
11274,0
11275,0
11276,1
11277,1
11278,0
11279,0
11280,0
11281,0
11282,0
11283,0
11284,1
11285,1
11286,0
11287,0
11288,0
11289,0
11290,0
11291,0
11292,1
11293,0
11294,0
11295,1
11296,0
11297,0
11298,0
11299,1
11300,0
11301,0
11302,0
11303,1
11304,0
11305,0
11306,0
11307,0
11308,1
11309,0
11310,0
11311,1
11312,0
11313,0
11314,1
11315,0
11316,0
11317,0
11318,0
11319,1
11320,1
11321,0
11322,0
11323,1
11324,0
11325,1
11326,1
11327,0
11328,0
11329,1
11330,1
11331,1
11332,0
11333,0
11334,1
11335,0
11336,0
11337,1
11338,0
11339,0
11340,1
11341,0
11342,0
11343,0
11344,0
11345,0
11346,1
11347,0
11348,1
11349,0
11350,0
11351,1
11352,0
11353,0
11354,0
11355,0
11356,0
11357,0
11358,0
11359,0
11360,0
11361,0
11362,0
11363,0
11364,0
11365,0
11366,1
11367,0
11368,1
11369,0
11370,0
11371,1
11372,0
11373,0
11374,0
11375,0
11376,0
11377,0
11378,0
11379,0
11380,1
11381,0
11382,0
11383,0
11384,0
11385,0
11386,0
11387,1
11388,1
11389,0
11390,0
11391,0
11392,0
11393,0
11394,0
11395,0
11396,0
11397,0
11398,0
11399,0
11400,0
11401,0
11402,0
11403,0
11404,0
11405,0
11406,0
11407,0
11408,0
11409,0
11410,0
11411,0
11412,0
11413,0
11414,0
11415,0
11416,0
11417,1
11418,0
11419,0
11420,0
11421,0
11422,0
11423,0
11424,0
11425,0
11426,0
11427,0
11428,0
11429,0
11430,1
11431,1
11432,0
11433,1
11434,1
11435,0
11436,0
11437,0
11438,0
11439,1
11440,0
11441,0
11442,0
11443,0
11444,0
11445,0
11446,0
11447,0
11448,1
11449,0
11450,0
11451,1
11452,0
11453,0
11454,0
11455,0
11456,1
11457,0
11458,0
11459,0
11460,0
11461,0
11462,0
11463,0
11464,1
11465,0
11466,0
11467,0
11468,0
11469,0
11470,1
11471,0
11472,0
11473,0
11474,1
11475,1
11476,1
11477,0
11478,0
11479,1
11480,1
11481,1
11482,0
11483,1
11484,0
11485,0
11486,0
11487,1
11488,1
11489,0
11490,0
11491,0
11492,1
11493,0
11494,0
11495,0
11496,0
11497,1
11498,1
11499,0
11500,0
11501,0
11502,0
11503,0
11504,0
11505,0
11506,0
11507,1
11508,0
11509,0
11510,0
11511,0
11512,0
11513,1
11514,0
11515,1
11516,0
11517,0
11518,1
11519,0
11520,1
11521,1
11522,0
11523,0
11524,0
11525,0
11526,0
11527,0
11528,0
11529,0
11530,0
11531,0
11532,0
11533,0
11534,1
11535,0
11536,0
11537,0
11538,0
11539,0
11540,0
11541,0
11542,0
11543,1
11544,0
11545,1
11546,0
11547,0
11548,1
11549,0
11550,0
11551,0
11552,0
11553,0
11554,0
11555,0
11556,1
11557,0
11558,1
11559,0
11560,0
11561,0
11562,0
11563,1
11564,0
11565,1
11566,0
11567,0
11568,0
11569,0
11570,1
11571,1
11572,0
11573,0
11574,0
11575,0
11576,0
11577,0
11578,0
11579,0
11580,1
11581,1
11582,1
11583,0
11584,0
11585,0
11586,0
11587,0
11588,0
11589,0
11590,0
11591,0
11592,0
11593,1
11594,0
11595,1
11596,0
11597,0
11598,0
11599,0
11600,1
11601,0
11602,1
11603,0
11604,0
11605,0
11606,0
11607,0
11608,0
11609,1
11610,1
11611,1
11612,0
11613,0
11614,0
11615,0
11616,0
11617,1
11618,0
11619,1
11620,0
11621,0
11622,0
11623,0
11624,0
11625,0
11626,0
11627,0
11628,0
11629,0
11630,0
11631,0
11632,0
11633,0
11634,0
11635,1
11636,1
11637,0
11638,0
11639,0
11640,0
11641,0
11642,0
11643,1
11644,0
11645,0
11646,0
11647,0
11648,0
11649,0
11650,1
11651,0
11652,0
11653,0
11654,0
11655,1
11656,0
11657,1
11658,1
11659,0
11660,0
11661,0
11662,0
11663,0
11664,0
11665,1
11666,0
11667,0
11668,0
11669,0
11670,0
11671,0
11672,1
11673,1
11674,0
11675,0
11676,1
11677,0
11678,1
11679,0
11680,1
11681,0
11682,0
11683,0
11684,0
11685,0
11686,0
11687,0
11688,1
11689,0
11690,0
11691,0
11692,0
11693,1
11694,0
11695,0
11696,0
11697,0
11698,0
11699,0
11700,0
11701,0
11702,0
11703,0
11704,0
11705,1
11706,0
11707,0
11708,1
11709,1
11710,0
11711,1
11712,0
11713,1
11714,0
11715,0
11716,0
11717,0
11718,1
11719,0
11720,0
11721,0
11722,0
11723,1
11724,0
11725,0
11726,0
11727,0
11728,1
11729,0
11730,0
11731,0
11732,0
11733,0
11734,0
11735,1
11736,0
11737,0
11738,0
11739,0
11740,0
11741,1
11742,0
11743,1
11744,1
11745,0
11746,0
11747,0
11748,1
11749,0
11750,0
11751,0
11752,0
11753,0
11754,0
11755,0
11756,0
11757,0
11758,0
11759,0
11760,0
11761,1
11762,0
11763,0
11764,0
11765,0
11766,0
11767,0
11768,0
11769,0
11770,0
11771,0
11772,0
11773,0
11774,1
11775,0
11776,1
11777,0
11778,0
11779,0
11780,0
11781,0
11782,0
11783,0
11784,0
11785,0
11786,1
11787,0
11788,0
11789,0
11790,0
11791,0
11792,0
11793,0
11794,0
11795,0
11796,0
11797,0
11798,0
11799,0
11800,0
11801,0
11802,0
11803,0
11804,0
11805,0
11806,0
11807,0
11808,0
11809,0
11810,1
11811,1
11812,1
11813,0
11814,0
11815,0
11816,0
11817,0
11818,0
11819,0
11820,1
11821,0
11822,1
11823,0
11824,0
11825,1
11826,1
11827,0
11828,0
11829,0
11830,1
11831,0
11832,1
11833,0
11834,0
11835,0
11836,0
11837,1
11838,0
11839,0
11840,1
11841,1
11842,0
11843,1
11844,0
11845,1
11846,0
11847,0
11848,0
11849,0
11850,0
11851,0
11852,0
11853,0
11854,0
11855,0
11856,0
11857,0
11858,0
11859,0
11860,0
11861,0
11862,0
11863,1
11864,0
11865,0
11866,1
11867,0
11868,0
11869,0
11870,0
11871,0
11872,0
11873,0
11874,1
11875,0
11876,0
11877,0
11878,0
11879,0
11880,0
11881,1
11882,0
11883,1
11884,0
11885,0
11886,0
11887,0
11888,0
11889,0
11890,0
11891,0
11892,0
11893,0
11894,1
11895,1
11896,0
11897,0
11898,0
11899,0
11900,1
11901,0
11902,0
11903,0
11904,0
11905,0
11906,0
11907,0
11908,0
11909,0
11910,1
11911,0
11912,0
11913,0
11914,0
11915,0
11916,0
11917,0
11918,0
11919,0
11920,0
11921,0
11922,0
11923,0
11924,0
11925,0
11926,0
11927,0
11928,0
11929,0
11930,0
11931,1
11932,0
11933,0
11934,1
11935,0
11936,1
11937,1
11938,1
11939,0
11940,0
11941,0
11942,1
11943,0
11944,0
11945,0
11946,0
11947,0
11948,0
11949,0
11950,0
11951,0
11952,0
11953,0
11954,0
11955,0
11956,0
11957,0
11958,0
11959,0
11960,0
11961,0
11962,0
11963,0
11964,0
11965,0
11966,0
11967,0
11968,1
11969,0
11970,0
11971,0
11972,0
11973,0
11974,0
11975,1
11976,0
11977,0
11978,0
11979,1
11980,0
11981,0
11982,0
11983,0
11984,0
11985,0
11986,0
11987,0
11988,0
11989,0
11990,0
11991,0
11992,0
11993,0
11994,1
11995,0
11996,0
11997,0
11998,0
11999,0
12000,0
12001,0
12002,0
12003,1
12004,0
12005,0
12006,0
12007,0
12008,0
12009,0
12010,1
12011,1
12012,0
12013,0
12014,0
12015,0
12016,0
12017,0
12018,1
12019,0
12020,0
12021,0
12022,0
12023,1
12024,0
12025,0
12026,0
12027,0
12028,0
12029,1
12030,0
12031,0
12032,1
12033,0
12034,1
12035,0
12036,0
12037,0
12038,0
12039,1
12040,0
12041,0
12042,0
12043,0
12044,0
12045,0
12046,0
12047,0
12048,1
12049,0
12050,0
12051,0
12052,0
12053,0
12054,0
12055,1
12056,0
12057,0
12058,0
12059,1
12060,1
12061,0
12062,0
12063,1
12064,0
12065,0
12066,0
12067,0
12068,0
12069,0
12070,0
12071,0
12072,0
12073,0
12074,0
12075,1
12076,0
12077,0
12078,1
12079,0
12080,0
12081,0
12082,0
12083,0
12084,1
12085,0
12086,0
12087,0
12088,0
12089,0
12090,0
12091,0
12092,0
12093,0
12094,0
12095,0
12096,0
12097,0
12098,0
12099,0
12100,0
12101,0
12102,0
12103,0
12104,0
12105,0
12106,0
12107,0
12108,0
12109,0
12110,1
12111,1
12112,0
12113,0
12114,0
12115,0
12116,0
12117,0
12118,0
12119,1
12120,1
12121,0
12122,0
12123,0
12124,0
12125,0
12126,0
12127,0
12128,0
12129,0
12130,0
12131,0
12132,1
12133,0
12134,0
12135,0
12136,0
12137,0
12138,0
12139,0
12140,0
12141,0
12142,0
12143,0
12144,0
12145,0
12146,0
12147,0
12148,0
12149,0
12150,0
12151,0
12152,0
12153,0
12154,0
12155,1
12156,0
12157,0
12158,0
12159,0
12160,0
12161,0
12162,0
12163,0
12164,0
12165,0
12166,0
12167,0
12168,0
12169,0
12170,0
12171,0
12172,0
12173,0
12174,1
12175,0
12176,0
12177,1
12178,1
12179,0
12180,0
12181,1
12182,0
12183,0
12184,0
12185,0
12186,0
12187,0
12188,0
12189,0
12190,0
12191,0
12192,0
12193,0
12194,0
12195,0
12196,0
12197,0
12198,1
12199,0
12200,0
12201,0
12202,0
12203,0
12204,1
12205,0
12206,0
12207,0
12208,0
12209,0
12210,0
12211,0
12212,0
12213,0
12214,0
12215,0
12216,0
12217,0
12218,0
12219,1
12220,0
12221,0
12222,0
12223,0
12224,0
12225,0
12226,0
12227,0
12228,0
12229,0
12230,0
12231,0
12232,0
12233,0
12234,0
12235,0
12236,0
12237,0
12238,0
12239,0
12240,0
12241,0
12242,0
12243,0
12244,0
12245,0
12246,0
12247,0
12248,0
12249,0
12250,0
12251,0
12252,0
12253,0
12254,0
12255,0
12256,0
12257,0
12258,0
12259,0
12260,0
12261,0
12262,1
12263,0
12264,0
12265,0
12266,0
12267,1
12268,0
12269,0
12270,0
12271,0
12272,0
12273,0
12274,0
12275,0
12276,1
12277,0
12278,0
12279,0
12280,0
12281,1
12282,0
12283,0
12284,0
12285,0
12286,0
12287,0
12288,0
12289,0
12290,0
12291,0
12292,0
12293,0
12294,0
12295,0
12296,0
12297,0
12298,0
12299,0
12300,0
12301,0
12302,0
12303,0
12304,0
12305,0
12306,0
12307,0
12308,0
12309,0
12310,0
12311,0
12312,0
12313,0
12314,0
12315,0
12316,0
12317,0
12318,0
12319,0
12320,1
12321,0
12322,0
12323,0
12324,0
12325,0
12326,0
12327,0
12328,0
12329,0
12330,0
12331,0
12332,0
12333,0
12334,0
12335,0
12336,0
12337,0
12338,0
12339,0
12340,0
12341,0
12342,0
12343,0
12344,0
12345,1
12346,0
12347,0
12348,0
12349,0
12350,0
12351,0
12352,0
12353,0
12354,0
12355,0
12356,0
12357,0
12358,0
12359,0
12360,0
12361,0
12362,1
12363,0
12364,0
12365,0
12366,0
12367,0
12368,0
12369,0
12370,0
12371,0
12372,0
12373,0
12374,0
12375,0
12376,0
12377,1
12378,0
12379,0
12380,0
12381,0
12382,0
12383,0
12384,0
12385,0
12386,0
12387,0
12388,0
12389,1
12390,0
12391,0
12392,0
12393,0
12394,0
12395,0
12396,0
12397,0
12398,0
12399,1
12400,0
12401,0
12402,0
12403,0
12404,0
12405,1
12406,0
12407,0
12408,0
12409,0
12410,0
12411,0
12412,0
12413,0
12414,0
12415,0
12416,0
12417,0
12418,0
12419,0
12420,0
12421,0
12422,0
12423,0
12424,0
12425,0
12426,0
12427,0
12428,0
12429,0
12430,0
12431,0
12432,0
12433,0
12434,0
12435,0
12436,0
12437,0
12438,0
12439,0
12440,0
12441,0
12442,0
12443,0
12444,0
12445,1
12446,0
12447,0
12448,0
12449,0
12450,0
12451,0
12452,0
12453,0
12454,0
12455,0
12456,0
12457,0
12458,0
12459,0
12460,0
12461,0
12462,0
12463,0
12464,0
12465,0
12466,0
12467,1
12468,0
12469,1
12470,0
12471,0
12472,0
12473,0
12474,0
12475,0
12476,0
12477,0
12478,0
12479,0
12480,0
12481,0
12482,0
12483,0
12484,0
12485,0
12486,0
12487,0
12488,0
12489,0
12490,0
12491,0
12492,0
12493,0
12494,0
12495,0
12496,0
12497,0
12498,0
12499,0
12500,0
12501,0
12502,0
12503,0
12504,0
12505,0
12506,0
12507,0
12508,0
12509,0
12510,0
12511,1
12512,0
12513,0
12514,0
12515,0
12516,0
12517,0
12518,0
12519,0
12520,0
12521,0
12522,0
12523,0
12524,0
12525,0
12526,0
12527,0
12528,0
12529,0
12530,0
12531,0
12532,0
12533,0
12534,0
12535,0
12536,0
12537,0
12538,0
12539,0
12540,0
12541,1
12542,0
12543,0
12544,0
12545,0
12546,0
12547,0
12548,0
12549,0
12550,0
12551,0
12552,0
12553,0
12554,0
12555,0
12556,0
12557,0
12558,0
12559,0
12560,0
12561,0
12562,0
12563,0
12564,0
12565,0
12566,0
12567,0
12568,0
12569,0
12570,0
12571,0
12572,0
12573,0
12574,0
12575,0
12576,1
12577,0
12578,0
12579,0
12580,0
12581,0
12582,0
12583,0
12584,0
12585,0
12586,0
12587,1
12588,0
12589,1
12590,0
12591,0
12592,0
12593,0
12594,0
12595,1
12596,0
12597,0
12598,0
12599,1
12600,0
12601,0
12602,0
12603,0
12604,0
12605,0
12606,0
12607,0
12608,0
12609,0
12610,0
12611,0
12612,0
12613,0
12614,0
12615,0
12616,0
12617,0
12618,0
12619,0
12620,0
12621,0
12622,0
12623,0
12624,0
12625,0
12626,0
12627,0
12628,0
12629,0
12630,0
12631,0
12632,0
12633,0
12634,0
12635,0
12636,0
12637,0
12638,0
12639,0
12640,0
12641,0
12642,0
12643,0
12644,0
12645,0
12646,0
12647,0
12648,0
12649,0
12650,0
12651,0
12652,0
12653,1
12654,1
12655,0
12656,0
12657,0
12658,0
12659,0
12660,1
12661,0
12662,0
12663,0
12664,0
12665,0
12666,0
12667,0
12668,0
12669,0
12670,0
12671,0
12672,0
12673,0
12674,0
12675,0
12676,1
12677,0
12678,0
12679,0
12680,0
12681,0
12682,0
12683,0
12684,0
12685,0
12686,0
12687,0
12688,0
12689,1
12690,0
12691,0
12692,0
12693,0
12694,0
12695,0
12696,0
12697,0
12698,0
12699,0
12700,0
12701,0
12702,0
12703,0
12704,0
12705,0
12706,0
12707,0
12708,0
12709,0
12710,0
12711,0
12712,0
12713,0
12714,0
12715,0
12716,0
12717,0
12718,1
12719,1
12720,0
12721,0
12722,0
12723,1
12724,0
12725,0
12726,0
12727,1
12728,0
12729,0
12730,0
12731,0
12732,0
12733,0
12734,0
12735,0
12736,0
12737,0
12738,0
12739,0
12740,0
12741,0
12742,0
12743,0
12744,0
12745,0
12746,0
12747,0
12748,0
12749,0
12750,0
12751,0
12752,0
12753,1
12754,1
12755,0
12756,0
12757,0
12758,0
12759,0
12760,0
12761,0
12762,0
12763,0
12764,0
12765,0
12766,0
12767,0
12768,0
12769,1
12770,0
12771,0
12772,0
12773,0
12774,0
12775,0
12776,0
12777,0
12778,0
12779,0
12780,0
12781,0
12782,0
12783,0
12784,0
12785,0
12786,0
12787,0
12788,0
12789,0
12790,0
12791,0
12792,0
12793,0
12794,0
12795,0
12796,0
12797,0
12798,0
12799,0
12800,0
12801,0
12802,0
12803,0
12804,0
12805,0
12806,1
12807,0
12808,0
12809,0
12810,0
12811,0
12812,0
12813,1
12814,0
12815,0
12816,0
12817,0
12818,0
12819,0
12820,0
12821,0
12822,0
12823,0
12824,0
12825,0
12826,0
12827,1
12828,0
12829,0
12830,0
12831,0
12832,0
12833,0
12834,0
12835,0
12836,1
12837,0
12838,0
12839,0
12840,0
12841,0
12842,0
12843,0
12844,0
12845,0
12846,1
12847,0
12848,0
12849,1
12850,0
12851,0
12852,0
12853,0
12854,0
12855,0
12856,0
12857,1
12858,0
12859,0
12860,0
12861,0
12862,0
12863,0
12864,0
12865,0
12866,1
12867,0
12868,0
12869,0
12870,1
12871,0
12872,0
12873,0
12874,0
12875,0
12876,0
12877,0
12878,0
12879,0
12880,0
12881,0
12882,1
12883,0
12884,0
12885,0
12886,0
12887,0
12888,0
12889,0
12890,0
12891,1
12892,0
12893,0
12894,0
12895,0
12896,0
12897,0
12898,0
12899,0
12900,0
12901,0
12902,0
12903,0
12904,0
12905,1
12906,0
12907,0
12908,0
12909,0
12910,0
12911,0
12912,0
12913,1
12914,0
12915,0
12916,0
12917,0
12918,0
12919,0
12920,0
12921,1
12922,0
12923,0
12924,0
12925,0
12926,0
12927,0
12928,0
12929,0
12930,0
12931,0
12932,1
12933,0
12934,1
12935,1
12936,0
12937,0
12938,0
12939,0
12940,0
12941,0
12942,0
12943,0
12944,0
12945,0
12946,0
12947,0
12948,0
12949,0
12950,0
12951,0
12952,0
12953,0
12954,0
12955,0
12956,0
12957,0
12958,0
12959,1
12960,0
12961,0
12962,0
12963,0
12964,1
12965,0
12966,0
12967,0
12968,0
12969,0
12970,0
12971,0
12972,1
12973,0
12974,0
12975,0
12976,0
12977,0
12978,0
12979,0
12980,0
12981,0
12982,0
12983,0
12984,1
12985,0
12986,1
12987,0
12988,0
12989,0
12990,0
12991,0
12992,0
12993,1
12994,0
12995,0
12996,0
12997,0
12998,0
12999,0
13000,1
13001,0
13002,0
13003,0
13004,0
13005,0
13006,0
13007,0
13008,0
13009,0
13010,0
13011,0
13012,0
13013,0
13014,0
13015,0
13016,0
13017,0
13018,0
13019,0
13020,1
13021,0
13022,0
13023,0
13024,0
13025,0
13026,1
13027,0
13028,0
13029,0
13030,0
13031,1
13032,0
13033,0
13034,0
13035,0
13036,0
13037,0
13038,0
13039,0
13040,0
13041,0
13042,0
13043,0
13044,0
13045,1
13046,0
13047,0
13048,0
13049,0
13050,0
13051,0
13052,0
13053,0
13054,0
13055,0
13056,0
13057,1
13058,0
13059,0
13060,0
13061,0
13062,0
13063,0
13064,0
13065,0
13066,0
13067,0
13068,0
13069,0
13070,0
13071,0
13072,0
13073,0
13074,0
13075,0
13076,0
13077,0
13078,0
13079,0
13080,0
13081,0
13082,0
13083,0
13084,0
13085,0
13086,0
13087,0
13088,1
13089,0
13090,0
13091,0
13092,0
13093,0
13094,0
13095,0
13096,0
13097,0
13098,0
13099,0
13100,0
13101,0
13102,0
13103,0
13104,0
13105,0
13106,0
13107,0
13108,0
13109,0
13110,0
13111,0
13112,0
13113,0
13114,0
13115,0
13116,0
13117,0
13118,0
13119,0
13120,0
13121,0
13122,0
13123,0
13124,0
13125,0
13126,0
13127,0
13128,0
13129,0
13130,0
13131,0
13132,0
13133,0
13134,0
13135,0
13136,0
13137,0
13138,0
13139,0
13140,0
13141,0
13142,0
13143,0
13144,0
13145,0
13146,1
13147,0
13148,0
13149,0
13150,0
13151,0
13152,0
13153,0
13154,0
13155,0
13156,0
13157,0
13158,0
13159,0
13160,0
13161,0
13162,0
13163,0
13164,0
13165,0
13166,0
13167,0
13168,0
13169,0
13170,0
13171,0
13172,0
13173,0
13174,0
13175,0
13176,0
13177,0
13178,0
13179,0
13180,0
13181,1
13182,0
13183,1
13184,0
13185,0
13186,0
13187,0
13188,1
13189,0
13190,1
13191,1
13192,0
13193,0
13194,0
13195,0
13196,0
13197,0
13198,1
13199,1
13200,0
13201,0
13202,0
13203,1
13204,0
13205,0
13206,0
13207,0
13208,0
13209,0
13210,0
13211,0
13212,1
13213,0
13214,0
13215,1
13216,0
13217,1
13218,1
13219,0
13220,0
13221,1
13222,1
13223,0
13224,0
13225,0
13226,0
13227,0
13228,0
13229,1
13230,0
13231,0
13232,1
13233,0
13234,0
13235,0
13236,1
13237,1
13238,0
13239,1
13240,0
13241,0
13242,0
13243,0
13244,0
13245,0
13246,0
13247,0
13248,0
13249,0
13250,0
13251,0
13252,0
13253,0
13254,0
13255,0
13256,0
13257,1
13258,0
13259,0
13260,0
13261,0
13262,0
13263,0
13264,0
13265,0
13266,1
13267,0
13268,1
13269,0
13270,0
13271,0
13272,0
13273,0
13274,0
13275,0
13276,0
13277,1
13278,0
13279,0
13280,0
13281,0
13282,0
13283,0
13284,0
13285,1
13286,0
13287,0
13288,0
13289,0
13290,0
13291,0
13292,0
13293,0
13294,0
13295,1
13296,0
13297,0
13298,0
13299,0
13300,0
13301,0
13302,1
13303,0
13304,0
13305,0
13306,1
13307,0
13308,0
13309,0
13310,0
13311,0
13312,0
13313,0
13314,0
13315,0
13316,0
13317,0
13318,0
13319,0
13320,0
13321,1
13322,0
13323,0
13324,0
13325,0
13326,1
13327,0
13328,1
13329,0
13330,0
13331,0
13332,0
13333,0
13334,0
13335,0
13336,0
13337,0
13338,0
13339,1
13340,0
13341,0
13342,0
13343,0
13344,0
13345,0
13346,0
13347,0
13348,0
13349,0
13350,0
13351,0
13352,0
13353,0
13354,0
13355,0
13356,0
13357,0
13358,0
13359,0
13360,0
13361,0
13362,0
13363,0
13364,1
13365,0
13366,1
13367,0
13368,0
13369,0
13370,0
13371,0
13372,1
13373,1
13374,0
13375,0
13376,0
13377,0
13378,0
13379,0
13380,1
13381,0
13382,0
13383,0
13384,0
13385,0
13386,1
13387,0
13388,0
13389,0
13390,0
13391,0
13392,0
13393,0
13394,0
13395,0
13396,0
13397,0
13398,0
13399,0
13400,0
13401,1
13402,0
13403,0
13404,1
13405,1
13406,0
13407,0
13408,0
13409,1
13410,0
13411,0
13412,0
13413,0
13414,0
13415,0
13416,0
13417,0
13418,0
13419,0
13420,0
13421,0
13422,0
13423,0
13424,0
13425,0
13426,0
13427,1
13428,1
13429,0
13430,1
13431,1
13432,0
13433,0
13434,0
13435,0
13436,0
13437,0
13438,0
13439,0
13440,0
13441,0
13442,1
13443,0
13444,0
13445,0
13446,0
13447,0
13448,0
13449,0
13450,0
13451,0
13452,0
13453,0
13454,0
13455,0
13456,1
13457,0
13458,1
13459,0
13460,1
13461,0
13462,0
13463,0
13464,1
13465,0
13466,0
13467,0
13468,0
13469,0
13470,0
13471,0
13472,0
13473,0
13474,0
13475,1
13476,1
13477,0
13478,1
13479,1
13480,0
13481,1
13482,0
13483,1
13484,0
13485,1
13486,0
13487,0
13488,0
13489,1
13490,0
13491,1
13492,1
13493,1
13494,0
13495,1
13496,0
13497,0
13498,1
13499,0
13500,1
13501,1
13502,1
13503,0
13504,0
13505,0
13506,0
13507,1
13508,0
13509,1
13510,1
13511,0
13512,1
13513,0
13514,0
13515,0
13516,0
13517,0
13518,0
13519,0
13520,1
13521,1
13522,1
13523,0
13524,0
13525,1
13526,0
13527,1
13528,0
13529,0
13530,0
13531,1
13532,1
13533,1
13534,0
13535,1
13536,1
13537,1
13538,0
13539,0
13540,1
13541,0
13542,1
13543,0
13544,1
13545,0
13546,1
13547,1
13548,1
13549,1
13550,1
13551,1
13552,0
13553,0
13554,1
13555,0
13556,0
13557,1
13558,1
13559,0
13560,1
13561,1
13562,1
13563,1
13564,1
13565,1
13566,0
13567,0
13568,1
13569,1
13570,0
13571,1
13572,1
13573,1
13574,1
13575,0
13576,1
13577,0
13578,1
13579,1
13580,0
13581,1
13582,1
13583,0
13584,1
13585,1
13586,1
13587,1
13588,1
13589,0
13590,1
13591,1
13592,1
13593,1
13594,1
13595,0
13596,0
13597,1
13598,1
13599,0
13600,1
13601,0
13602,1
13603,1
13604,0
13605,0
13606,0
13607,0
13608,1
13609,1
13610,0
13611,0
13612,1
13613,0
13614,1
13615,0
13616,0
13617,0
13618,0
13619,1
13620,1
13621,1
13622,1
13623,0
13624,1
13625,1
13626,1
13627,1
13628,1
13629,1
13630,1
13631,0
13632,1
13633,1
13634,0
13635,0
13636,1
13637,1
13638,1
13639,1
13640,1
13641,1
13642,0
13643,0
13644,1
13645,0
13646,1
13647,1
13648,0
13649,1
13650,1
13651,1
13652,0
13653,0
13654,0
13655,1
13656,0
13657,1
13658,0
13659,0
13660,0
13661,1
13662,1
13663,1
13664,0
13665,0
13666,1
13667,0
13668,1
13669,1
13670,0
13671,0
13672,0
13673,1
13674,1
13675,1
13676,1
13677,0
13678,0
13679,1
13680,0
13681,1
13682,1
13683,1
13684,1
13685,0
13686,1
13687,1
13688,0
13689,0
13690,1
13691,0
13692,0
13693,1
13694,1
13695,0
13696,0
13697,1
13698,0
13699,1
13700,1
13701,1
13702,1
13703,0
13704,1
13705,1
13706,1
13707,1
13708,0
13709,1
13710,1
13711,0
13712,0
13713,1
13714,0
13715,1
13716,1
13717,1
13718,0
13719,0
13720,1
13721,0
13722,1
13723,1
13724,1
13725,1
13726,1
13727,1
13728,1
13729,1
13730,1
13731,1
13732,0
13733,1
13734,1
13735,1
13736,0
13737,0
13738,1
13739,1
13740,1
13741,0
13742,0
13743,1
13744,0
13745,1
13746,1
13747,0
13748,1
13749,0
13750,0
13751,0
13752,0
13753,1
13754,1
13755,1
13756,1
13757,1
13758,0
13759,1
13760,1
13761,0
13762,1
13763,1
13764,1
13765,1
13766,1
13767,0
13768,1
13769,1
13770,0
13771,0
13772,0
13773,0
13774,1
13775,0
13776,0
13777,0
13778,0
13779,1
13780,1
13781,0
13782,1
13783,1
13784,1
13785,0
13786,1
13787,0
13788,1
13789,1
13790,1
13791,1
13792,0
13793,1
13794,0
13795,1
13796,0
13797,0
13798,1
13799,0
13800,1
13801,0
13802,0
13803,1
13804,1
13805,1
13806,1
13807,0
13808,1
13809,0
13810,0
13811,0
13812,1
13813,1
13814,1
13815,0
13816,1
13817,0
13818,1
13819,0
13820,1
13821,1
13822,1
13823,0
13824,0
13825,1
13826,1
13827,0
13828,1
13829,1
13830,1
13831,0
13832,1
13833,1
13834,1
13835,1
13836,1
13837,1
13838,0
13839,0
13840,1
13841,0
13842,0
13843,1
13844,1
13845,0
13846,0
13847,1
13848,1
13849,0
13850,0
13851,1
13852,0
13853,1
13854,1
13855,0
13856,1
13857,1
13858,1
13859,0
13860,0
13861,1
13862,0
13863,1
13864,0
13865,1
13866,1
13867,1
13868,1
13869,1
13870,0
13871,1
13872,1
13873,0
13874,1
13875,0
13876,1
13877,0
13878,1
13879,1
13880,0
13881,0
13882,1
13883,0
13884,0
13885,1
13886,0
13887,1
13888,1
13889,1
13890,0
13891,1
13892,1
13893,1
13894,0
13895,1
13896,0
13897,0
13898,0
13899,0
13900,0
13901,0
13902,1
13903,1
13904,0
13905,0
13906,0
13907,1
13908,1
13909,0
13910,0
13911,0
13912,1
13913,0
13914,1
13915,1
13916,1
13917,0
13918,0
13919,1
13920,1
13921,0
13922,0
13923,1
13924,1
13925,1
13926,0
13927,0
13928,0
13929,1
13930,1
13931,1
13932,0
13933,0
13934,1
13935,0
13936,0
13937,0
13938,1
13939,0
13940,0
13941,1
13942,1
13943,0
13944,0
13945,1
13946,0
13947,1
13948,1
13949,0
13950,1
13951,1
13952,0
13953,1
13954,1
13955,0
13956,1
13957,0
13958,0
13959,1
13960,0
13961,0
13962,1
13963,1
13964,1
13965,0
13966,1
13967,1
13968,0
13969,1
13970,1
13971,1
13972,0
13973,1
13974,1
13975,0
13976,1
13977,1
13978,1
13979,1
13980,1
13981,1
13982,0
13983,1
13984,0
13985,1
13986,1
13987,1
13988,0
13989,1
13990,0
13991,1
13992,1
13993,1
13994,1
13995,0
13996,0
13997,1
13998,1
13999,1
14000,0
14001,1
14002,1
14003,1
14004,1
14005,0
14006,1
14007,0
14008,0
14009,1
14010,1
14011,1
14012,1
14013,1
14014,1
14015,0
14016,1
14017,1
14018,0
14019,1
14020,1
14021,0
14022,1
14023,1
14024,1
14025,0
14026,1
14027,0
14028,1
14029,1
14030,1
14031,0
14032,1
14033,1
14034,1
14035,0
14036,1
14037,0
14038,0
14039,1
14040,0
14041,1
14042,1
14043,1
14044,0
14045,1
14046,1
14047,1
14048,1
14049,0
14050,1
14051,1
14052,1
14053,1
14054,0
14055,0
14056,0
14057,1
14058,1
14059,1
14060,1
14061,0
14062,1
14063,0
14064,0
14065,0
14066,1
14067,1
14068,1
14069,1
14070,1
14071,1
14072,1
14073,1
14074,1
14075,1
14076,0
14077,0
14078,0
14079,1
14080,1
14081,0
14082,0
14083,1
14084,0
14085,0
14086,1
14087,1
14088,1
14089,1
14090,1
14091,1
14092,0
14093,1
14094,1
14095,0
14096,1
14097,0
14098,1
14099,1
14100,0
14101,0
14102,0
14103,1
14104,1
14105,1
14106,1
14107,0
14108,0
14109,1
14110,0
14111,1
14112,1
14113,1
14114,0
14115,1
14116,1
14117,1
14118,1
14119,0
14120,1
14121,0
14122,1
14123,0
14124,0
14125,0
14126,0
14127,0
14128,0
14129,0
14130,1
14131,0
14132,0
14133,1
14134,0
14135,0
14136,0
14137,0
14138,1
14139,1
14140,0
14141,1
14142,1
14143,0
14144,1
14145,0
14146,0
14147,1
14148,1
14149,1
14150,1
14151,1
14152,1
14153,1
14154,0
14155,1
14156,0
14157,0
14158,1
14159,1
14160,1
14161,1
14162,1
14163,0
14164,0
14165,1
14166,0
14167,0
14168,1
14169,0
14170,0
14171,0
14172,0
14173,1
14174,1
14175,0
14176,1
14177,0
14178,0
14179,1
14180,0
14181,1
14182,1
14183,1
14184,1
14185,1
14186,0
14187,1
14188,1
14189,0
14190,1
14191,1
14192,1
14193,1
14194,0
14195,0
14196,1
14197,1
14198,0
14199,0
14200,0
14201,1
14202,1
14203,1
14204,1
14205,1
14206,0
14207,0
14208,1
14209,0
14210,0
14211,1
14212,0
14213,0
14214,1
14215,0
14216,0
14217,0
14218,1
14219,1
14220,0
14221,1
14222,0
14223,0
14224,0
14225,0
14226,1
14227,1
14228,1
14229,0
14230,0
14231,0
14232,0
14233,0
14234,1
14235,1
14236,1
14237,0
14238,1
14239,0
14240,1
14241,0
14242,0
14243,1
14244,0
14245,1
14246,0
14247,0
14248,0
14249,0
14250,0
14251,0
14252,0
14253,1
14254,0
14255,0
14256,1
14257,0
14258,1
14259,0
14260,1
14261,0
14262,1
14263,0
14264,1
14265,0
14266,1
14267,0
14268,1
14269,0
14270,0
14271,1
14272,1
14273,1
14274,0
14275,0
14276,0
14277,1
14278,0
14279,1
14280,1
14281,0
14282,1
14283,1
14284,1
14285,0
14286,1
14287,1
14288,1
14289,1
14290,1
14291,0
14292,0
14293,1
14294,1
14295,1
14296,1
14297,0
14298,1
14299,1
14300,0
14301,1
14302,0
14303,0
14304,0
14305,1
14306,1
14307,0
14308,0
14309,0
14310,0
14311,0
14312,1
14313,0
14314,1
14315,1
14316,0
14317,0
14318,0
14319,1
14320,1
14321,0
14322,1
14323,1
14324,0
14325,0
14326,0
14327,0
14328,1
14329,0
14330,1
14331,0
14332,1
14333,1
14334,0
14335,0
14336,1
14337,1
14338,0
14339,0
14340,1
14341,0
14342,0
14343,0
14344,0
14345,0
14346,0
14347,0
14348,0
14349,0
14350,0
14351,0
14352,1
14353,0
14354,0
14355,0
14356,1
14357,0
14358,0
14359,0
14360,0
14361,0
14362,0
14363,1
14364,0
14365,0
14366,0
14367,1
14368,0
14369,0
14370,1
14371,1
14372,0
14373,0
14374,0
14375,0
14376,0
14377,0
14378,0
14379,0
14380,0
14381,0
14382,0
14383,1
14384,1
14385,0
14386,0
14387,1
14388,0
14389,0
14390,0
14391,1
14392,1
14393,0
14394,1
14395,1
14396,0
14397,0
14398,0
14399,0
14400,0
14401,1
14402,0
14403,1
14404,0
14405,0
14406,1
14407,0
14408,0
14409,0
14410,1
14411,1
14412,0
14413,1
14414,0
14415,0
14416,1
14417,1
14418,0
14419,1
14420,0
14421,1
14422,1
14423,1
14424,1
14425,0
14426,0
14427,0
14428,0
14429,1
14430,1
14431,0
14432,0
14433,0
14434,1
14435,0
14436,1
14437,1
14438,1
14439,0
14440,0
14441,0
14442,1
14443,0
14444,0
14445,0
14446,0
14447,1
14448,0
14449,0
14450,1
14451,1
14452,0
14453,1
14454,0
14455,1
14456,1
14457,0
14458,1
14459,0
14460,1
14461,0
14462,0
14463,1
14464,0
14465,0
14466,1
14467,0
14468,1
14469,1
14470,1
14471,0
14472,0
14473,0
14474,1
14475,1
14476,1
14477,0
14478,1
14479,0
14480,1
14481,1
14482,0
14483,0
14484,0
14485,0
14486,1
14487,1
14488,0
14489,0
14490,0
14491,0
14492,0
14493,1
14494,1
14495,0
14496,0
14497,0
14498,1
14499,0
14500,0
14501,1
14502,0
14503,0
14504,1
14505,1
14506,1
14507,0
14508,0
14509,0
14510,0
14511,0
14512,0
14513,0
14514,1
14515,0
14516,1
14517,0
14518,1
14519,1
14520,1
14521,1
14522,1
14523,1
14524,1
14525,1
14526,1
14527,1
14528,0
14529,0
14530,1
14531,0
14532,1
14533,0
14534,0
14535,1
14536,1
14537,1
14538,1
14539,0
14540,0
14541,0
14542,1
14543,1
14544,0
14545,0
14546,1
14547,1
14548,0
14549,0
14550,0
14551,0
14552,0
14553,0
14554,1
14555,0
14556,1
14557,0
14558,0
14559,0
14560,0
14561,1
14562,0
14563,0
14564,1
14565,0
14566,1
14567,0
14568,0
14569,0
14570,1
14571,0
14572,1
14573,0
14574,1
14575,1
14576,1
14577,0
14578,0
14579,0
14580,0
14581,1
14582,0
14583,0
14584,0
14585,1
14586,1
14587,0
14588,1
14589,1
14590,0
14591,0
14592,0
14593,0
14594,0
14595,0
14596,0
14597,0
14598,1
14599,0
14600,1
14601,0
14602,1
14603,1
14604,1
14605,0
14606,1
14607,1
14608,1
14609,1
14610,1
14611,1
14612,1
14613,1
14614,0
14615,0
14616,1
14617,0
14618,0
14619,0
14620,1
14621,0
14622,0
14623,0
14624,1
14625,0
14626,0
14627,1
14628,0
14629,0
14630,0
14631,0
14632,1
14633,1
14634,0
14635,1
14636,1
14637,0
14638,1
14639,1
14640,1
14641,0
14642,1
14643,0
14644,1
14645,0
14646,0
14647,1
14648,0
14649,0
14650,0
14651,1
14652,0
14653,0
14654,1
14655,0
14656,0
14657,1
14658,1
14659,1
14660,0
14661,0
14662,1
14663,1
14664,1
14665,0
14666,1
14667,0
14668,0
14669,0
14670,1
14671,1
14672,1
14673,0
14674,0
14675,0
14676,1
14677,1
14678,1
14679,1
14680,1
14681,0
14682,0
14683,1
14684,0
14685,1
14686,0
14687,1
14688,0
14689,0
14690,1
14691,1
14692,1
14693,1
14694,0
14695,0
14696,1
14697,1
14698,1
14699,1
14700,0
14701,0
14702,0
14703,1
14704,0
14705,0
14706,1
14707,0
14708,1
14709,1
14710,1
14711,0
14712,1
14713,1
14714,1
14715,1
14716,0
14717,1
14718,0
14719,0
14720,0
14721,1
14722,1
14723,1
14724,1
14725,1
